Model,Accuracy,AUC,Precision,Recall,F1,MCC
Logistic Regression,0.817966903073286,0.984195618083266,0.8128834083695137,0.817966903073286,0.8080490916059598,0.7851007891548536
Decision Tree,0.7801418439716312,0.8964143663659291,0.7744732051543549,0.7801418439716312,0.7759100427047432,0.7393009102298491
K-Nearest Neighbors,0.4515366430260047,0.7664858909962148,0.46057962736171876,0.4515366430260047,0.4492865889138318,0.3464989199275598
Naive Bayes,0.557919621749409,0.8874390338851553,0.5499496130525601,0.557919621749409,0.5516500806273047,0.47470285576338367
Random Forest,0.7635933806146572,0.9656252888157825,0.7581623486852921,0.7635933806146572,0.7477168236101362,0.7209236091853155
XGBoost,0.8250591016548463,0.9784431708135544,0.82233190446946,0.8250591016548463,0.822891882448442,0.7925607354237298
